"Id";"Offset";"Word_Id";"Letter_Id"
5714;0;5398;8
5715;1;5398;13
5716;2;5398;5
5717;0;5399;10
5718;1;5399;13
5719;2;5399;26
5720;0;5400;4
5721;1;5400;5
5722;2;5400;6
5723;0;5401;10
5724;1;5401;17
5725;2;5401;14
5726;0;5402;5
5727;1;5402;8
5728;2;5402;12
5729;0;5403;19
5730;1;5403;4
5731;2;5403;28
5732;0;5404;10
5733;1;5404;17
5734;2;5404;24
5735;0;5405;19
5736;1;5405;4
5737;2;5405;3
5738;0;5406;13
5739;1;5406;25
5740;2;5406;3
5741;0;5407;19
5742;1;5407;4
5743;2;5407;9
5744;0;5408;19
5745;1;5408;4
5746;2;5408;12
5747;0;5409;19
5748;1;5409;4
5749;2;5409;14
5750;0;5410;5
5751;1;5410;9
5752;2;5410;3
5753;0;5411;17
5754;1;5411;28
5755;2;5411;13
5756;0;5412;17
5757;1;5412;28
5758;2;5412;18
5759;0;5413;8
5760;1;5413;14
5761;2;5413;13
5762;0;5414;4
5763;1;5414;6
5764;2;5414;13
5765;0;5415;21
5766;1;5415;8
5767;2;5415;28
5768;0;5416;4
5769;1;5416;6
5770;2;5416;14
5771;0;5417;17
5772;1;5417;28
5773;2;5417;1
5774;0;5418;21
5775;1;5418;8
5776;2;5418;4
5777;0;5419;17
5778;1;5419;28
5779;2;5419;3
5780;0;5420;21
5781;1;5420;8
5782;2;5420;3
5783;0;5421;21
5784;1;5421;8
5785;2;5421;6
5786;0;5422;4
5787;1;5422;6
5788;2;5422;20
5789;0;5423;20
5790;1;5423;7
5791;2;5423;5
5792;0;5424;10
5793;1;5424;27
5794;2;5424;1
5795;0;5426;17
5796;1;5426;28
5797;2;5426;6
5798;0;5427;10
5799;1;5427;27
5800;2;5427;3
5801;0;5428;21
5802;1;5428;8
5803;2;5428;11
5804;0;5429;17
5805;1;5429;28
5806;2;5429;10
5807;0;5430;21
5808;1;5430;8
5809;2;5430;13
5810;0;5431;4
5811;1;5431;8
5812;2;5431;28
5813;0;5432;17
5814;1;5432;28
5815;2;5432;11
5816;0;5433;19
5817;1;5433;4
5818;2;5433;13
5819;0;5434;21
5820;1;5434;8
5821;2;5434;18
5822;0;5435;10
5823;1;5435;27
5824;2;5435;11
5825;0;5436;10
5826;1;5436;27
5827;2;5436;13
5828;0;5437;17
5829;1;5437;28
5830;2;5437;15
5831;0;5438;17
5832;1;5438;28
5833;2;5438;19
5834;0;5439;19
5835;1;5439;4
5836;2;5439;17
5837;0;5440;20
5838;1;5440;7
5839;2;5440;19
5840;0;5441;10
5841;1;5441;27
5842;2;5441;18
5843;0;5442;10
5844;1;5442;27
5845;2;5442;17
5846;0;5444;4
5847;1;5444;8
5848;2;5444;10
5849;0;5445;17
5850;1;5445;28
5851;2;5445;21
5852;0;5446;6
5853;1;5446;11
5854;2;5446;14
5855;0;5447;17
5856;1;5447;26
5857;2;5447;1
5858;0;5448;17
5859;1;5448;26
5860;2;5448;3
5861;0;5449;27
5862;1;5449;9
5863;2;5449;4
5864;0;5450;18
5865;1;5450;4
5866;2;5450;10
5867;0;5451;10
5868;1;5451;20
5869;2;5451;4
5870;0;5452;12
5871;1;5452;24
5872;2;5452;6
5873;0;5453;17
5874;1;5453;26
5875;2;5453;18
5876;0;5454;10
5877;1;5454;20
5878;2;5454;11
5879;0;5455;17
5880;1;5455;26
5881;2;5455;21
5882;0;5456;10
5883;1;5456;20
5884;2;5456;13
5885;0;5457;10
5886;1;5457;20
5887;2;5457;15
5888;0;5458;10
5889;1;5458;20
5890;2;5458;17
5891;0;5459;28
5892;1;5459;4
5893;2;5459;13
5894;0;5460;4
5895;1;5460;8
5896;2;5460;18
5897;0;5461;28
5898;1;5461;4
5899;2;5461;17
5900;0;5462;11
5901;1;5462;24
5902;2;5462;3
5903;0;5463;6
5904;1;5463;14
5905;2;5463;28
5906;0;5464;4
5907;1;5464;9
5908;2;5464;28
5909;0;5465;10
5910;1;5465;17
5911;2;5465;26
5912;0;5466;28
5913;1;5466;6
5914;2;5466;4
5915;0;5467;28
5916;1;5467;1
5917;2;5467;4
5918;0;5468;19
5919;1;5468;7
5920;2;5468;24
5921;0;5469;3
5922;1;5469;8
5923;2;5469;13
5924;0;5470;19
5925;1;5470;8
5926;2;5470;28
5927;0;5471;6
5928;1;5471;13
5929;2;5471;20
5930;0;5472;6
5931;1;5472;13
5932;2;5472;24
5933;0;5473;19
5934;1;5473;7
5935;2;5473;4
5936;0;5474;19
5937;1;5474;7
5938;2;5474;8
5939;0;5475;19
5940;1;5475;8
5941;2;5475;12
5942;0;5476;15
5943;1;5476;28
5944;2;5476;11
5945;0;5477;7
5946;1;5477;15
5947;2;5477;28
5948;0;5478;6
5949;1;5478;14
5950;2;5478;3
5951;0;5479;15
5952;1;5479;28
5953;2;5479;12
5954;0;5480;15
5955;1;5480;28
5956;2;5480;13
5957;0;5481;4
5958;1;5481;11
5959;2;5481;8
5960;0;5482;15
5961;1;5482;28
5962;2;5482;20
5963;0;5483;6
5964;1;5483;14
5965;2;5483;10
5966;0;5484;15
5967;1;5484;28
5968;2;5484;22
5969;0;5485;6
5970;1;5485;14
5971;2;5485;12
5972;0;5486;15
5973;1;5486;28
5974;2;5486;21
5975;0;5487;4
5976;1;5487;11
5977;2;5487;14
5978;0;5488;19
5979;1;5488;8
5980;2;5488;2
5981;0;5489;4
5982;1;5489;10
5983;2;5489;18
5984;0;5490;19
5985;1;5490;8
5986;2;5490;4
5987;0;5491;17
5988;1;5491;4
5989;2;5491;1
5990;0;5492;19
5991;1;5492;8
5992;2;5492;3
5993;0;5493;17
5994;1;5493;4
5995;2;5493;3
5996;0;5494;19
5997;1;5494;8
5998;2;5494;10
5999;0;5495;15
6000;1;5495;28
6001;2;5495;5
6002;0;5496;19
6003;1;5496;8
6004;2;5496;11
6005;0;5497;15
6006;1;5497;28
6007;2;5497;10
6008;0;5498;15
6009;1;5498;28
6010;2;5498;9
6011;0;5499;19
6012;1;5499;8
6013;2;5499;13
6014;0;5501;17
6015;1;5501;4
6016;2;5501;13
6017;0;5502;19
6018;1;5502;8
6019;2;5502;15
6020;0;5503;19
6021;1;5503;8
6022;2;5503;18
6023;0;5504;27
6024;1;5504;12
6025;2;5504;19
6026;0;5505;4
6027;1;5505;11
6028;2;5505;6
6029;0;5506;15
6030;1;5506;28
6031;2;5506;18
6032;0;5507;15
6033;1;5507;28
6034;2;5507;17
6035;0;5508;17
6036;1;5508;4
6037;2;5508;19
6038;0;5509;2
6039;1;5509;7
6040;2;5509;8
6041;0;5510;15
6042;1;5510;28
6043;2;5510;19
6044;0;5511;4
6045;1;5511;11
6046;2;5511;12
6047;0;5512;17
6048;1;5512;4
6049;2;5512;23
6050;0;5513;28
6051;1;5513;3
6052;2;5513;9
6053;0;5514;15
6054;1;5514;28
6055;2;5514;23
6056;0;5515;8
6057;1;5515;19
6058;2;5515;20
6059;0;5516;19
6060;1;5516;9
6061;2;5516;28
6062;0;5517;4
6063;1;5517;11
6064;2;5517;21
6065;0;5518;24
6066;1;5518;20
6067;2;5518;13
6068;0;5519;28
6069;1;5519;3
6070;2;5519;21
6071;0;5520;15
6072;1;5520;26
6073;2;5520;11
6074;0;5521;4
6075;1;5521;13
6076;2;5521;28
6077;0;5522;15
6078;1;5522;26
6079;2;5522;13
6080;0;5523;19
6081;1;5523;9
6082;2;5523;20
6083;0;5524;8
6084;1;5524;21
6085;2;5524;14
6086;0;5525;4
6087;1;5525;13
6088;2;5525;14
6089;0;5526;10
6090;1;5526;24
6091;2;5526;18
6092;0;5527;8
6093;1;5527;21
6094;2;5527;24
6095;0;5529;2
6096;1;5529;8
6097;2;5529;18
6098;0;5530;4
6099;1;5530;12
6100;2;5530;20
6101;0;5531;28
6102;1;5531;4
6103;2;5531;19
6104;0;5532;15
6105;1;5532;2
6106;2;5532;1
6107;0;5533;21
6108;1;5533;14
6109;2;5533;12
6110;0;5534;21
6111;1;5534;14
6112;2;5534;13
6113;0;5535;7
6114;1;5535;20
6115;2;5535;4
6116;0;5536;21
6117;1;5536;14
6118;2;5536;17
6119;0;5537;4
6120;1;5537;13
6121;2;5537;3
6122;0;5538;4
6123;1;5538;13
6124;2;5538;6
6125;0;5539;28
6126;1;5539;10
6127;2;5539;4
6128;0;5540;3
6129;1;5540;12
6130;2;5540;8
6131;0;5541;14
6132;1;5541;1
6133;2;5541;18
6134;0;5542;1
6135;1;5542;8
6136;2;5542;5
6137;0;5543;21
6138;1;5543;14
6139;2;5543;23
6140;0;5544;6
6141;1;5544;17
6142;2;5544;14
6143;0;5545;4
6144;1;5545;13
6145;2;5545;18
6146;0;5546;6
6147;1;5546;17
6148;2;5546;20
6149;0;5547;17
6150;1;5547;8
6151;2;5547;28
6152;0;5548;4
6153;1;5548;14
6154;2;5548;18
6155;0;5549;3
6156;1;5549;12
6157;2;5549;20
6158;0;5550;17
6159;1;5550;8
6160;2;5550;2
6161;0;5551;6
6162;1;5551;17
6163;2;5551;24
6164;0;5552;17
6165;1;5552;8
6166;2;5552;4
6167;0;5553;17
6168;1;5553;8
6169;2;5553;14
6170;0;5554;3
6171;1;5554;13
6172;2;5554;28
6173;0;5555;17
6174;1;5555;7
6175;2;5555;14
6176;0;5556;14
6177;1;5556;2
6178;2;5556;17
6179;0;5557;17
6180;1;5557;8
6181;2;5557;19
6182;0;5559;28
6183;1;5559;6
6184;2;5559;13
6185;0;5560;3
6186;1;5560;13
6187;2;5560;18
6188;0;5561;17
6189;1;5561;8
6190;2;5561;1
6191;0;5562;28
6192;1;5562;6
6193;2;5562;19
6194;0;5563;13
6195;1;5563;28
6196;2;5563;3
6197;0;5564;15
6198;1;5564;4
6199;2;5564;1
6200;0;5565;17
6201;1;5565;8
6202;2;5565;6
6203;0;5566;15
6204;1;5566;4
6205;2;5566;6
6206;0;5567;22
6207;1;5567;19
6208;2;5567;14
6209;0;5568;13
6210;1;5568;28
6211;2;5568;7
6212;0;5569;13
6213;1;5569;28
6214;2;5569;6
6215;0;5570;6
6216;1;5570;27
6217;2;5570;3
6218;0;5571;6
6219;1;5571;20
6220;2;5571;3
6221;0;5572;17
6222;1;5572;8
6223;2;5572;12
6224;0;5573;13
6225;1;5573;28
6226;2;5573;11
6227;0;5574;20
6228;1;5574;15
6229;2;5574;18
6230;0;5575;15
6231;1;5575;4
6232;2;5575;13
6233;0;5576;17
6234;1;5576;8
6235;2;5576;18
6236;0;5577;13
6237;1;5577;28
6238;2;5577;17
6239;0;5578;13
6240;1;5578;28
6241;2;5578;15
6242;0;5579;15
6243;1;5579;4
6244;2;5579;17
6245;0;5580;13
6246;1;5580;28
6247;2;5580;18
6248;0;5581;28
6249;1;5581;11
6250;2;5581;4
6251;0;5583;6
6252;1;5583;27
6253;2;5583;18
6254;0;5584;6
6255;1;5584;27
6256;2;5584;17
6257;0;5585;13
6258;1;5585;28
6259;2;5585;19
6260;0;5586;15
6261;1;5586;4
6262;2;5586;21
6263;0;5587;13
6264;1;5587;28
6265;2;5587;21
6266;0;5588;19
6267;1;5588;14
6268;2;5588;28
6269;0;5589;3
6270;1;5589;14
6271;2;5589;18
6272;0;5590;13
6273;1;5590;26
6274;2;5590;1
6275;0;5591;27
6276;1;5591;17
6277;2;5591;4
6278;0;5592;15
6279;1;5592;7
6280;2;5592;3
6281;0;5593;6
6282;1;5593;20
6283;2;5593;24
6284;0;5594;8
6285;1;5594;25
6286;2;5594;28
6287;0;5595;12
6288;1;5595;28
6289;2;5595;3
6290;0;5596;13
6291;1;5596;26
6292;2;5596;7
6293;0;5597;27
6294;1;5597;17
6295;2;5597;13
6296;0;5598;6
6297;1;5598;20
6298;2;5598;5
6299;0;5599;13
6300;1;5599;26
6301;2;5599;17
6302;0;5600;27
6303;1;5600;17
6304;2;5600;19
6305;0;5601;13
6306;1;5601;26
6307;2;5601;18
6308;0;5602;6
6309;1;5602;20
6310;2;5602;11
6311;0;5603;5
6312;1;5603;19
6313;2;5603;15
6314;0;5604;28
6315;1;5604;9
6316;2;5604;14
6317;0;5605;6
6318;1;5605;20
6319;2;5605;19
6320;0;5606;6
6321;1;5606;20
6322;2;5606;18
6323;0;5607;12
6324;1;5607;1
6325;2;5607;28
6326;0;5608;19
6327;1;5608;14
6328;2;5608;6
6329;0;5609;27
6330;1;5609;18
6331;2;5609;4
6332;0;5610;20
6333;1;5610;17
6334;2;5610;11
6335;0;5611;19
6336;1;5611;14
6337;2;5611;12
6338;0;5612;19
6339;1;5612;14
6340;2;5612;13
6341;0;5613;19
6342;1;5613;14
6343;2;5613;15
6344;0;5614;19
6345;1;5614;14
6346;2;5614;17
6347;0;5615;6
6348;1;5615;17
6349;2;5615;28
6350;0;5616;28
6351;1;5616;13
6352;2;5616;3
6353;0;5617;19
6354;1;5617;14
6355;2;5617;21
6356;0;5618;27
6357;1;5618;18
6358;2;5618;19
6359;0;5619;1
6360;1;5619;12
6361;2;5619;8
6362;0;5620;20
6363;1;5620;18
6364;2;5620;28
6365;0;5621;20
6366;1;5621;18
6367;2;5621;3
6368;0;5622;1
6369;1;5622;12
6370;2;5622;15
6371;0;5623;15
6372;1;5623;8
6373;2;5623;28
6374;0;5624;19
6375;1;5624;15
6376;2;5624;8
6377;0;5625;18
6378;1;5625;14
6379;2;5625;10
6380;0;5626;15
6381;1;5626;7
6382;2;5626;8
6383;0;5627;28
6384;1;5627;11
6385;2;5627;8
6386;0;5628;11
6387;1;5628;28
6388;2;5628;20
6389;0;5629;1
6390;1;5629;13
6391;2;5629;15
6392;0;5630;20
6393;1;5630;19
6394;2;5630;2
6395;0;5631;21
6396;1;5631;20
6397;2;5631;4
6398;0;5632;28
6399;1;5632;11
6400;2;5632;18
6401;0;5633;2
6402;1;5633;14
6403;2;5633;19
6404;0;5634;2
6405;1;5634;14
6406;2;5634;18
6407;0;5635;21
6408;1;5635;20
6409;2;5635;5
6410;0;5636;28
6411;1;5636;10
6412;2;5636;19
6413;0;5637;28
6414;1;5637;10
6415;2;5637;18
6416;0;5638;15
6417;1;5638;8
6418;2;5638;1
6419;0;5639;15
6420;1;5639;8
6421;2;5639;4
6422;0;5640;11
6423;1;5640;28
6424;2;5640;6
6425;0;5641;11
6426;1;5641;28
6427;2;5641;1
6428;0;5642;13
6429;1;5642;4
6430;2;5642;3
6431;0;5643;15
6432;1;5643;8
6433;2;5643;5
6434;0;5644;13
6435;1;5644;4
6436;2;5644;6
6437;0;5645;6
6438;1;5645;24
6439;2;5645;28
6440;0;5646;11
6441;1;5646;28
6442;2;5646;3
6443;0;5647;4
6444;1;5647;19
6445;2;5647;28
6446;0;5649;15
6447;1;5649;8
6448;2;5649;10
6449;0;5650;11
6450;1;5650;28
6451;2;5650;8
6452;0;5651;3
6453;1;5651;18
6454;2;5651;1
6455;0;5652;4
6456;1;5652;19
6457;2;5652;1
6458;0;5653;13
6459;1;5653;4
6460;2;5653;9
6461;0;5654;15
6462;1;5654;8
6463;2;5654;11
6464;0;5655;11
6465;1;5655;28
6466;2;5655;10
6467;0;5656;13
6468;1;5656;4
6469;2;5656;12
6470;0;5657;11
6471;1;5657;28
6472;2;5657;13
6473;0;5658;11
6474;1;5658;28
6475;2;5658;12
6476;0;5660;11
6477;1;5660;28
6478;2;5660;18
6479;0;5661;15
6480;1;5661;8
6481;2;5661;18
6482;0;5662;11
6483;1;5662;28
6484;2;5662;17
6485;0;5663;28
6486;1;5663;11
6487;2;5663;5
6488;0;5664;11
6489;1;5664;28
6490;2;5664;15
6491;0;5665;15
6492;1;5665;8
6493;2;5665;19
6494;0;5667;13
6495;1;5667;4
6496;2;5667;19
6497;0;5668;15
6498;1;5668;8
6499;2;5668;21
6500;0;5669;28
6501;1;5669;11
6502;2;5669;10
6503;0;5670;11
6504;1;5670;28
6505;2;5670;19
6506;0;5671;13
6507;1;5671;4
6508;2;5671;21
6509;0;5672;11
6510;1;5672;28
6511;2;5672;21
6512;0;5673;28
6513;1;5673;11
6514;2;5673;15
6515;0;5674;17
6516;1;5674;14
6517;2;5674;1
6518;0;5675;27
6519;1;5675;21
6520;2;5675;4
6521;0;5676;19
6522;1;5676;17
6523;2;5676;4
6524;0;5677;28
6525;1;5677;11
6526;2;5677;19
6527;0;5678;21
6528;1;5678;17
6529;2;5678;28
6530;0;5679;18
6531;1;5679;16
6532;2;5679;11
6533;0;5680;28
6534;1;5680;12
6535;2;5680;24
6536;0;5681;11
6537;1;5681;26
6538;2;5681;6
6539;0;5682;4
6540;1;5682;21
6541;2;5682;28
6542;0;5683;19
6543;1;5683;17
6544;2;5683;15
6545;0;5684;11
6546;1;5684;26
6547;2;5684;10
6548;0;5685;19
6549;1;5685;17
6550;2;5685;14
6551;0;5686;11
6552;1;5686;26
6553;2;5686;13
6554;0;5687;3
6555;1;5687;19
6556;2;5687;7
6557;0;5688;4
6558;1;5688;21
6559;2;5688;8
6560;0;5689;11
6561;1;5689;26
6562;2;5689;17
6563;0;5690;11
6564;1;5690;26
6565;2;5690;18
6566;0;5691;28
6567;1;5691;13
6568;2;5691;8
6569;0;5692;6
6570;1;5692;24
6571;2;5692;18
6572;0;5693;3
6573;1;5693;19
6574;2;5693;20
6575;0;5694;28
6576;1;5694;12
6577;2;5694;19
6578;0;5695;4
6579;1;5695;21
6580;2;5695;24
6581;0;5696;17
6582;1;5696;14
6583;2;5696;4
6584;0;5697;17
6585;1;5697;14
6586;2;5697;3
6587;0;5698;17
6588;1;5698;14
6589;2;5698;10
6590;0;5699;11
6591;1;5699;2
6592;2;5699;3
6593;0;5700;28
6594;1;5700;18
6595;2;5700;28
6596;0;5701;13
6597;1;5701;6
6598;2;5701;14
6599;0;5702;17
6600;1;5702;14
6601;2;5702;18
6602;0;5703;28
6603;1;5703;17
6604;2;5703;4
6605;0;5704;28
6606;1;5704;13
6607;2;5704;4
6608;0;5706;17
6609;1;5706;14
6610;2;5706;21
6611;0;5707;28
6612;1;5707;17
6613;2;5707;7
6614;0;5708;19
6615;1;5708;20
6616;2;5708;28
6617;0;5709;19
6618;1;5709;27
6619;2;5709;5
6620;0;5710;2
6621;1;5710;17
6622;2;5710;20
6623;0;5711;19
6624;1;5711;27
6625;2;5711;9
6626;0;5712;11
6627;1;5712;4
6628;2;5712;28
6629;0;5713;13
6630;1;5713;8
6631;2;5713;2
6632;0;5714;9
6633;1;5714;28
6634;2;5714;2
6635;0;5715;19
6636;1;5715;27
6637;2;5715;17
6638;0;5716;15
6639;1;5716;11
6640;2;5716;8
6641;0;5717;19
6642;1;5717;27
6643;2;5717;18
6644;0;5718;11
6645;1;5718;4
6646;2;5718;14
6647;0;5719;28
6648;1;5719;18
6649;2;5719;4
6650;0;5720;13
6651;1;5720;8
6652;2;5720;18
6653;0;5721;9
6654;1;5721;28
6655;2;5721;13
6656;0;5722;1
6657;1;5722;17
6658;2;5722;11
6659;0;5723;9
6660;1;5723;28
6661;2;5723;24
6662;0;5724;1
6663;1;5724;17
6664;2;5724;19
6665;0;5725;19
6666;1;5725;20
6667;2;5725;4
6668;0;5726;19
6669;1;5726;20
6670;2;5726;3
6671;0;5727;19
6672;1;5727;20
6673;2;5727;5
6674;0;5728;13
6675;1;5728;8
6676;2;5728;3
6677;0;5729;25
6678;1;5729;28
6679;2;5729;17
6680;0;5730;11
6681;1;5730;4
6682;2;5730;6
6683;0;5731;4
6684;1;5731;24
6685;2;5731;28
6686;0;5732;19
6687;1;5732;20
6688;2;5732;13
6689;0;5733;9
6690;1;5733;28
6691;2;5733;6
6692;0;5734;13
6693;1;5734;8
6694;2;5734;10
6695;0;5735;19
6696;1;5735;20
6697;2;5735;18
6698;0;5736;9
6699;1;5736;28
6700;2;5736;7
6701;0;5737;11
6702;1;5737;4
6703;2;5737;9
6704;0;5738;19
6705;1;5738;20
6706;2;5738;17
6707;0;5739;11
6708;1;5739;4
6709;2;5739;12
6710;0;5740;1
6711;1;5740;18
6712;2;5740;3
6713;0;5741;9
6714;1;5741;28
6715;2;5741;12
6716;0;5742;11
6717;1;5742;4
6718;2;5742;13
6719;0;5743;13
6720;1;5743;8
6721;2;5743;15
6722;0;5744;11
6723;1;5744;4
6724;2;5744;17
6725;0;5745;13
6726;1;5745;8
6727;2;5745;19
6728;0;5746;9
6729;1;5746;28
6730;2;5746;18
6731;0;5747;11
6732;1;5747;4
6733;2;5747;20
6734;0;5748;11
6735;1;5748;4
6736;2;5748;19
6737;0;5749;11
6738;1;5749;4
6739;2;5749;21
6740;0;5750;13
6741;1;5750;8
6742;2;5750;23
6743;0;5751;11
6744;1;5751;4
6745;2;5751;23
6746;0;5752;1
6747;1;5752;18
6748;2;5752;19
6749;0;5753;19
6750;1;5753;17
6751;2;5753;26
6752;0;5754;4
6753;1;5754;25
6754;2;5754;28
6755;0;5755;28
6756;1;5755;17
6757;2;5755;13
6758;0;5756;12
6759;1;5756;7
6760;2;5756;25
6761;0;5757;1
6762;1;5757;19
6763;2;5757;20
6764;0;5758;24
6765;1;5758;28
6766;2;5758;13
6767;0;5759;15
6768;1;5759;14
6769;2;5759;6
6770;0;5760;28
6771;1;5760;17
6772;2;5760;27
6773;0;5761;15
6774;1;5761;14
6775;2;5761;11
6776;0;5762;15
6777;1;5762;14
6778;2;5762;18
6779;0;5763;28
6780;1;5763;17
6781;2;5763;3
6782;0;5764;28
6783;1;5764;17
6784;2;5764;6
6785;0;5765;15
6786;1;5765;14
6787;2;5765;19
6788;0;5766;28
6789;1;5766;17
6790;2;5766;10
6791;0;5767;28
6792;1;5767;17
6793;2;5767;12
6794;0;5768;17
6795;1;5768;27
6796;2;5768;3
6797;0;5769;28
6798;1;5769;17
6799;2;5769;15
6800;0;5770;17
6801;1;5770;20
6802;2;5770;3
6803;0;5771;17
6804;1;5771;27
6805;2;5771;6
6806;0;5772;11
6807;1;5772;8
6808;2;5772;28
6809;0;5773;28
6810;1;5773;17
6811;2;5773;19
6812;0;5774;9
6813;1;5774;4
6814;2;5774;28
6815;0;5775;10
6816;1;5775;6
6817;2;5775;1
6818;0;5776;28
6819;1;5776;17
6820;2;5776;21
6821;0;5777;11
6822;1;5777;8
6823;2;5777;4
6824;0;5778;17
6825;1;5778;27
6826;2;5778;13
6827;0;5779;9
6828;1;5779;4
6829;2;5779;5
6830;0;5780;19
6831;1;5780;24
6832;2;5780;17
6833;0;5781;17
6834;1;5781;27
6835;2;5781;21
6836;0;5782;17
6837;1;5782;20
6838;2;5782;19
6839;0;5784;11
6840;1;5784;8
6841;2;5784;18
6842;0;5785;11
6843;1;5785;8
6844;2;5785;22
6845;0;5786;28
6846;1;5786;18
6847;2;5786;10
6848;0;5787;28
6849;1;5787;18
6850;2;5787;15
6851;0;5788;11
6852;1;5788;8
6853;2;5788;25
6854;0;5789;19
6855;1;5789;24
6856;2;5789;3
6857;0;5790;17
6858;1;5790;20
6859;2;5790;6
6860;0;5791;17
6861;1;5791;20
6862;2;5791;5
6863;0;5792;8
6864;1;5792;3
6865;2;5792;28
6866;0;5793;19
6867;1;5793;24
6868;2;5793;10
6869;0;5794;7
6870;1;5794;28
6871;2;5794;1
6872;0;5795;11
6873;1;5795;8
6874;2;5795;3
6875;0;5796;19
6876;1;5796;24
6877;2;5796;11
6878;0;5797;11
6879;1;5797;8
6880;2;5797;6
6881;0;5798;17
6882;1;5798;20
6883;2;5798;12
6884;0;5799;9
6885;1;5799;4
6886;2;5799;6
6887;0;5800;7
6888;1;5800;28
6889;2;5800;3
6890;0;5801;19
6891;1;5801;24
6892;2;5801;18
6893;0;5802;11
6894;1;5802;8
6895;2;5802;12
6896;0;5803;17
6897;1;5803;20
6898;2;5803;18
6899;0;5804;7
6900;1;5804;28
6901;2;5804;10
6902;0;5805;7
6903;1;5805;28
6904;2;5805;9
6905;0;5806;7
6906;1;5806;28
6907;2;5806;13
6908;0;5807;11
6909;1;5807;8
6910;2;5807;13
6911;0;5808;19
6912;1;5808;24
6913;2;5808;21
6914;0;5809;7
6915;1;5809;28
6916;2;5809;12
6917;0;5810;7
6918;1;5810;28
6919;2;5810;11
6920;0;5811;24
6921;1;5811;3
6922;2;5811;28
6923;0;5813;7
6924;1;5813;28
6925;2;5813;17
6926;0;5814;9
6927;1;5814;4
6928;2;5814;15
6929;0;5815;11
6930;1;5815;8
6931;2;5815;17
6932;0;5816;9
6933;1;5816;4
6934;2;5816;17
6935;0;5817;28
6936;1;5817;19
6937;2;5817;12
6938;0;5818;7
6939;1;5818;28
6940;2;5818;18
6941;0;5820;9
6942;1;5820;4
6943;2;5820;19
6944;0;5821;11
6945;1;5821;8
6946;2;5821;21
6947;0;5822;7
6948;1;5822;28
6949;2;5822;19
6950;0;5823;11
6951;1;5823;8
6952;2;5823;23
6953;0;5824;7
6954;1;5824;28
6955;2;5824;21
6956;0;5825;13
6957;1;5825;14
6958;2;5825;28
6959;0;5826;7
6960;1;5826;26
6961;2;5826;6
6962;0;5827;7
6963;1;5827;26
6964;2;5827;11
6965;0;5828;7
6966;1;5828;26
6967;2;5828;10
6968;0;5829;15
6969;1;5829;17
6970;2;5829;14
6971;0;5830;7
6972;1;5830;26
6973;2;5830;17
6974;0;5831;7
6975;1;5831;26
6976;2;5831;18
6977;0;5832;7
6978;1;5832;26
6979;2;5832;21
6980;0;5833;24
6981;1;5833;3
6982;2;5833;4
6983;0;5834;15
6984;1;5834;18
6985;2;5834;8
6986;0;5835;28
6987;1;5835;21
6988;2;5835;4
6989;0;5836;13
6990;1;5836;14
6991;2;5836;17
6992;0;5837;13
6993;1;5837;14
6994;2;5837;19
6995;0;5838;6
6996;1;5838;1
6997;2;5838;15
6998;0;5839;28
6999;1;5839;21
7000;2;5839;11
7001;0;5840;10
7002;1;5840;7
7003;2;5840;25
7004;0;5841;15
7005;1;5841;27
7006;2;5841;9
7007;0;5842;24
7008;1;5842;4
7009;2;5842;13
7010;0;5843;15
7011;1;5843;27
7012;2;5843;11
7013;0;5844;15
7014;1;5844;20
7015;2;5844;10
7016;0;5845;24
7017;1;5845;4
7018;2;5845;18
7019;0;5846;15
7020;1;5846;27
7021;2;5846;18
7022;0;5847;9
7023;1;5847;8
7024;2;5847;12
7025;0;5848;17
7026;1;5848;24
7027;2;5848;28
7028;0;5849;5
7029;1;5849;28
7030;2;5849;24
7031;0;5850;15
7032;1;5850;20
7033;2;5850;1
7034;0;5851;17
7035;1;5851;24
7036;2;5851;6
7037;0;5852;15
7038;1;5852;20
7039;2;5852;5
7040;0;5853;17
7041;1;5853;24
7042;2;5853;10
7043;0;5854;15
7044;1;5854;20
7045;2;5854;7
7046;0;5855;9
7047;1;5855;8
7048;2;5855;6
7049;0;5856;7
7050;1;5856;4
7051;2;5856;3
7052;0;5857;5
7053;1;5857;28
7054;2;5857;3
7055;0;5858;5
7056;1;5858;28
7057;2;5858;6
7058;0;5859;15
7059;1;5859;20
7060;2;5859;18
7061;0;5860;28
7062;1;5860;24
7063;2;5860;4
7064;0;5861;7
7065;1;5861;4
7066;2;5861;9
7067;0;5862;15
7068;1;5862;20
7069;2;5862;17
7070;0;5863;7
7071;1;5863;4
7072;2;5863;11
7073;0;5864;15
7074;1;5864;20
7075;2;5864;19
7076;0;5865;7
7077;1;5865;4
7078;2;5865;13
7079;0;5866;5
7080;1;5866;28
7081;2;5866;13
7082;0;5867;5
7083;1;5867;28
7084;2;5867;17
7085;0;5868;7
7086;1;5868;4
7087;2;5868;15
7088;0;5869;12
7089;1;5869;15
7090;2;5869;21
7091;0;5870;7
7092;1;5870;4
7093;2;5870;17
7094;0;5871;5
7095;1;5871;28
7096;2;5871;18
7097;0;5872;28
7098;1;5872;24
7099;2;5872;14
7100;0;5874;5
7101;1;5874;28
7102;2;5874;19
7103;0;5875;7
7104;1;5875;4
7105;2;5875;21
7106;0;5876;5
7107;1;5876;28
7108;2;5876;23
7109;0;5877;15
7110;1;5877;21
7111;2;5877;2
7112;0;5878;15
7113;1;5878;17
7114;2;5878;26
7115;0;5879;5
7116;1;5879;26
7117;2;5879;11
7118;0;5880;4
7119;1;5880;28
7120;2;5880;13
7121;0;5881;11
7122;1;5881;14
7123;2;5881;20
7124;0;5882;22
7125;1;5882;4
7126;2;5882;1
7127;0;5883;11
7128;1;5883;14
7129;2;5883;1
7130;0;5884;11
7131;1;5884;14
7132;2;5884;3
7133;0;5885;11
7134;1;5885;14
7135;2;5885;6
7136;0;5886;11
7137;1;5886;14
7138;2;5886;10
7139;0;5887;11
7140;1;5887;14
7141;2;5887;12
7142;0;5888;11
7143;1;5888;14
7144;2;5888;18
7145;0;5889;11
7146;1;5889;14
7147;2;5889;21
7148;0;5890;13
7149;1;5890;27
7150;2;5890;3
7151;0;5891;13
7152;1;5891;27
7153;2;5891;11
7154;0;5892;20
7155;1;5892;28
7156;2;5892;17
7157;0;5893;13
7158;1;5893;27
7159;2;5893;10
7160;0;5894;4
7161;1;5894;2
7162;2;5894;1
7163;0;5895;13
7164;1;5895;27
7165;2;5895;18
7166;0;5896;5
7167;1;5896;4
7168;2;5896;25
7169;0;5897;15
7170;1;5897;24
7171;2;5897;7
7172;0;5898;3
7173;1;5898;28
7174;2;5898;1
7175;0;5899;7
7176;1;5899;8
7177;2;5899;1
7178;0;5900;4
7179;1;5900;3
7180;2;5900;1
7181;0;5901;7
7182;1;5901;8
7183;2;5901;3
7184;0;5902;19
7185;1;5902;28
7186;2;5902;15
7187;0;5903;13
7188;1;5903;20
7189;2;5903;12
7190;0;5904;21
7191;1;5904;4
7192;2;5904;20
7193;0;5905;5
7194;1;5905;4
7195;2;5905;3
7196;0;5906;13
7197;1;5906;20
7198;2;5906;11
7199;0;5907;3
7200;1;5907;28
7201;2;5907;6
7202;0;5908;7
7203;1;5908;8
7204;2;5908;10
7205;0;5909;13
7206;1;5909;20
7207;2;5909;18
7208;0;5910;5
7209;1;5910;4
7210;2;5910;9
7211;0;5911;7
7212;1;5911;8
7213;2;5911;11
7214;0;5912;15
7215;1;5912;24
7216;2;5912;19
7217;0;5913;5
7218;1;5913;4
7219;2;5913;12
7220;0;5914;7
7221;1;5914;8
7222;2;5914;13
7223;0;5915;3
7224;1;5915;28
7225;2;5915;12
7226;0;5916;3
7227;1;5916;28
7228;2;5916;11
7229;0;5917;7
7230;1;5917;8
7231;2;5917;15
7232;0;5918;7
7233;1;5918;8
7234;2;5918;18
7235;0;5919;5
7236;1;5919;4
7237;2;5919;18
7238;0;5920;7
7239;1;5920;8
7240;2;5920;19
7241;0;5921;3
7242;1;5921;28
7243;2;5921;18
7244;0;5922;3
7245;1;5922;28
7246;2;5922;21
7247;0;5923;9
7248;1;5923;14
7249;2;5923;4
7250;0;5924;20
7251;1;5924;3
7252;2;5924;14
7253;0;5925;8
7254;1;5925;12
7255;2;5925;5
7256;0;5926;6
7257;1;5926;8
7258;2;5926;5
7259;0;5927;2
7260;1;5927;28
7261;2;5927;3
7262;0;5928;12
7263;1;5928;20
7264;2;5928;17
7265;0;5929;3
7266;1;5929;26
7267;2;5929;10
7268;0;5930;9
7269;1;5930;14
7270;2;5930;13
7271;0;5931;6
7272;1;5931;8
7273;2;5931;15
7274;0;5932;9
7275;1;5932;14
7276;2;5932;18
7277;0;5933;21
7278;1;5933;6
7279;2;5933;28
7280;0;5934;2
7281;1;5934;28
7282;2;5934;12
7283;0;5935;6
7284;1;5935;8
7285;2;5935;18
7286;0;5936;9
7287;1;5936;14
7288;2;5936;24
7289;0;5937;20
7290;1;5937;3
7291;2;5937;4
7292;0;5938;20
7293;1;5938;3
7294;2;5938;8
7295;0;5939;6
7296;1;5939;7
7297;2;5939;25
7298;0;5940;9
7299;1;5940;14
7300;2;5940;1
7301;0;5941;11
7302;1;5941;18
7303;2;5941;3
7304;0;5942;18
7305;1;5942;28
7306;2;5942;12
7307;0;5943;9
7308;1;5943;14
7309;2;5943;6
7310;0;5944;9
7311;1;5944;14
7312;2;5944;7
7313;0;5945;9
7314;1;5945;14
7315;2;5945;10
7316;0;5946;21
7317;1;5946;7
7318;2;5946;5
7319;0;5947;11
7320;1;5947;27
7321;2;5947;1
7322;0;5948;18
7323;1;5948;28
7324;2;5948;3
7325;0;5949;18
7326;1;5949;28
7327;2;5949;7
7328;0;5950;11
7329;1;5950;27
7330;2;5950;3
7331;0;5951;11
7332;1;5951;20
7333;2;5951;2
7334;0;5952;18
7335;1;5952;28
7336;2;5952;11
7337;0;5953;18
7338;1;5953;28
7339;2;5953;6
7340;0;5954;11
7341;1;5954;27
7342;2;5954;6
7343;0;5955;11
7344;1;5955;27
7345;2;5955;9
7346;0;5957;3
7347;1;5957;4
7348;2;5957;28
7349;0;5958;18
7350;1;5958;28
7351;2;5958;17
7352;0;5959;4
7353;1;5959;6
7354;2;5959;28
7355;0;5960;5
7356;1;5960;8
7357;2;5960;4
7358;0;5961;11
7359;1;5961;27
7360;2;5961;13
7361;0;5962;18
7362;1;5962;28
7363;2;5962;19
7364;0;5963;21
7365;1;5963;7
7366;2;5963;18
7367;0;5965;26
7368;1;5965;3
7369;2;5965;4
7370;0;5966;18
7371;1;5966;28
7372;2;5966;21
7373;0;5967;11
7374;1;5967;27
7375;2;5967;18
7376;0;5968;11
7377;1;5968;27
7378;2;5968;21
7379;0;5969;18
7380;1;5969;28
7381;2;5969;23
7382;0;5970;3
7383;1;5970;4
7384;2;5970;18
7385;0;5971;18
7386;1;5971;26
7387;2;5971;3
7388;0;5972;24
7389;1;5972;13
7390;2;5972;10
7391;0;5973;18
7392;1;5973;26
7393;2;5973;10
7394;0;5974;26
7395;1;5974;3
7396;2;5974;19
7397;0;5975;23
7398;1;5975;12
7399;2;5975;11
7400;0;5976;1
7401;1;5976;28
7402;2;5976;24
7403;0;5977;8
7404;1;5977;15
7405;2;5977;28
7406;0;5978;13
7407;1;5978;24
7408;2;5978;4
7409;0;5979;18
7410;1;5979;26
7411;2;5979;11
7412;0;5980;11
7413;1;5980;20
7414;2;5980;4
7415;0;5981;11
7416;1;5981;20
7417;2;5981;3
7418;0;5982;12
7419;1;5982;22
7420;2;5982;7
7421;0;5983;17
7422;1;5983;28
7423;2;5983;12
7424;0;5984;20
7425;1;5984;5
7426;2;5984;14
7427;0;5985;21
7428;1;5985;8
7429;2;5985;15
7430;0;5986;13
7431;1;5986;24
7432;2;5986;10
7433;0;5987;18
7434;1;5987;26
7435;2;5987;17
7436;0;5988;11
7437;1;5988;20
7438;2;5988;10
7439;0;5989;1
7440;1;5989;28
7441;2;5989;3
7442;0;5990;18
7443;1;5990;26
7444;2;5990;19
7445;0;5992;11
7446;1;5992;20
7447;2;5992;13
7448;0;5993;1
7449;1;5993;28
7450;2;5993;6
7451;0;5994;5
7452;1;5994;8
7453;2;5994;10
7454;0;5995;13
7455;1;5995;24
7456;2;5995;18
7457;0;5996;11
7458;1;5996;20
7459;2;5996;15
7460;0;5997;11
7461;1;5997;20
7462;2;5997;18
7463;0;5998;1
7464;1;5998;28
7465;2;5998;7
7466;0;5999;1
7467;1;5999;28
7468;2;5999;11
7469;0;6000;3
7470;1;6000;4
7471;2;6000;9
7472;0;6001;5
7473;1;6001;8
7474;2;6001;11
7475;0;6002;11
7476;1;6002;20
7477;2;6002;17
7478;0;6003;13
7479;1;6003;24
7480;2;6003;19
7481;0;6004;1
7482;1;6004;28
7483;2;6004;10
7484;0;6005;1
7485;1;6005;28
7486;2;6005;9
7487;0;6006;3
7488;1;6006;4
7489;2;6006;11
7490;0;6007;5
7491;1;6007;8
7492;2;6007;13
7493;0;6008;11
7494;1;6008;20
7495;2;6008;19
7496;0;6010;3
7497;1;6010;4
7498;2;6010;13
7499;0;6011;5
7500;1;6011;8
7501;2;6011;15
7502;0;6012;11
7503;1;6012;20
7504;2;6012;21
7505;0;6013;1
7506;1;6013;28
7507;2;6013;18
7508;0;6014;5
7509;1;6014;8
7510;2;6014;18
7511;0;6015;1
7512;1;6015;28
7513;2;6015;13
7514;0;6016;11
7515;1;6016;20
7516;2;6016;23
7517;0;6017;1
7518;1;6017;28
7519;2;6017;19
7520;0;6018;3
7521;1;6018;4
7522;2;6018;17
7523;0;6019;5
7524;1;6019;8
7525;2;6019;19
7526;0;6021;1
7527;1;6021;28
7528;2;6021;17
7529;0;6022;3
7530;1;6022;4
7531;2;6022;19
7532;0;6023;20
7533;1;6023;6
7534;2;6023;4
7535;0;6025;5
7536;1;6025;8
7537;2;6025;23
7538;0;6026;1
7539;1;6026;26
7540;2;6026;7
7541;0;6027;12
7542;1;6027;24
7543;2;6027;17
7544;0;6028;1
7545;1;6028;26
7546;2;6028;10
7547;0;6029;6
7548;1;6029;12
7549;2;6029;14
7550;0;6030;1
7551;1;6030;26
7552;2;6030;17
7553;0;6031;6
7554;1;6031;12
7555;2;6031;19
7556;0;6032;7
7557;1;6032;14
7558;2;6032;20
7559;0;6033;20
7560;1;6033;7
7561;2;6033;28
7562;0;6034;8
7563;1;6034;17
7564;2;6034;28
7565;0;6035;20
7566;1;6035;7
7567;2;6035;12
7568;0;6036;7
7569;1;6036;14
7570;2;6036;1
7571;0;6037;7
7572;1;6037;14
7573;2;6037;5
7574;0;6038;7
7575;1;6038;14
7576;2;6038;15
7577;0;6039;7
7578;1;6039;14
7579;2;6039;18
7580;0;6040;7
7581;1;6040;14
7582;2;6040;17
7583;0;6041;7
7584;1;6041;14
7585;2;6041;19
7586;0;6042;2
7587;1;6042;5
7588;2;6042;18
7589;0;6043;7
7590;1;6043;14
7591;2;6043;21
7592;0;6044;28
7593;1;6044;1
7594;2;6044;18
7595;0;6045;18
7596;1;6045;4
7597;2;6045;2
7598;0;6046;26
7599;1;6046;6
7600;2;6046;19
7601;0;6047;11
7602;1;6047;24
7603;2;6047;28
7604;0;6048;10
7605;1;6048;22
7606;2;6048;3
7607;0;6049;18
7608;1;6049;4
7609;2;6049;9
7610;0;6050;18
7611;1;6050;4
7612;2;6050;13
7613;0;6051;2
7614;1;6051;6
7615;2;6051;28
7616;0;6052;4
7617;1;6052;10
7618;2;6052;5
7619;0;6053;18
7620;1;6053;4
7621;2;6053;17
7622;0;6054;18
7623;1;6054;4
7624;2;6054;19
7625;0;6055;4
7626;1;6055;10
7627;2;6055;6
7628;0;6056;18
7629;1;6056;4
7630;2;6056;23
7631;0;6057;8
7632;1;6057;18
7633;2;6057;14
7634;0;6058;11
7635;1;6058;23
7636;2;6058;18
7637;0;6059;5
7638;1;6059;11
7639;2;6059;24
7640;0;6060;17
7641;1;6060;4
7642;2;6060;12
7643;0;6061;3
7644;1;6061;8
7645;2;6061;28
7646;0;6062;27
7647;1;6062;12
7648;2;6062;20
7649;0;6063;3
7650;1;6063;8
7651;2;6063;4
7652;0;6064;3
7653;1;6064;8
7654;2;6064;6
7655;0;6065;1
7656;1;6065;4
7657;2;6065;3
7658;0;6066;8
7659;1;6066;19
7660;2;6066;11
7661;0;6067;9
7662;1;6067;20
7663;2;6067;11
7664;0;6068;11
7665;1;6068;24
7666;2;6068;13
7667;0;6069;1
7668;1;6069;4
7669;2;6069;6
7670;0;6070;3
7671;1;6070;8
7672;2;6070;10
7673;0;6071;11
7674;1;6071;24
7675;2;6071;18
7676;0;6072;11
7677;1;6072;24
7678;2;6072;17
7679;0;6073;6
7680;1;6073;15
7681;2;6073;18
7682;0;6074;11
7683;1;6074;24
7684;2;6074;21
7685;0;6075;1
7686;1;6075;4
7687;2;6075;14
7688;0;6076;1
7689;1;6076;4
7690;2;6076;13
7691;0;6077;3
7692;1;6077;8
7693;2;6077;15
7694;0;6078;3
7695;1;6078;8
7696;2;6078;18
7697;0;6079;3
7698;1;6079;8
7699;2;6079;19
7700;0;6080;20
7701;1;6080;11
7702;2;6080;5
7703;0;6081;28
7704;1;6081;3
7705;2;6081;19
7706;0;6082;1
7707;1;6082;4
7708;2;6082;19
7709;0;6083;22
7710;1;6083;14
7711;2;6083;10
7712;0;6084;20
7713;1;6084;11
7714;2;6084;12
7715;0;6085;10
7716;1;6085;22
7717;2;6085;7
7718;0;6086;2
7719;1;6086;8
7720;2;6086;28
7721;0;6087;15
7722;1;6087;1
7723;2;6087;18
7724;0;6088;18
7725;1;6088;6
7726;2;6088;20
7727;0;6089;25
7728;1;6089;22
7729;2;6089;3
7730;0;6090;4
7731;1;6090;12
7732;2;6090;18
7733;0;6091;21
7734;1;6091;14
7735;2;6091;3
7736;0;6092;20
7737;1;6092;11
7738;2;6092;3
7739;0;6093;18
7740;1;6093;8
7741;2;6093;5
7742;0;6094;20
7743;1;6094;11
7744;2;6094;10
7745;0;6095;18
7746;1;6095;8
7747;2;6095;12
7748;0;6096;6
7749;1;6096;17
7750;2;6096;3
7751;0;6097;5
7752;1;6097;14
7753;2;6097;3
7754;0;6098;5
7755;1;6098;14
7756;2;6098;6
7757;0;6099;7
7758;1;6099;27
7759;2;6099;12
7760;0;6100;20
7761;1;6100;11
7762;2;6100;21
7763;0;6101;5
7764;1;6101;14
7765;2;6101;10
7766;0;6102;18
7767;1;6102;8
7768;2;6102;22
7769;0;6103;5
7770;1;6103;14
7771;2;6103;11
7772;0;6104;5
7773;1;6104;14
7774;2;6104;13
7775;0;6105;20
7776;1;6105;13
7777;2;6105;28
7778;0;6106;5
7779;1;6106;14
7780;2;6106;17
7781;0;6107;18
7782;1;6107;8
7783;2;6107;3
7784;0;6108;15
7785;1;6108;3
7786;2;6108;28
7787;0;6109;18
7788;1;6109;8
7789;2;6109;2
7790;0;6110;18
7791;1;6110;8
7792;2;6110;6
7793;0;6111;20
7794;1;6111;13
7795;2;6111;14
7796;0;6112;18
7797;1;6112;8
7798;2;6112;13
7799;0;6113;7
7800;1;6113;27
7801;2;6113;6
7802;0;6114;7
7803;1;6114;27
7804;2;6114;9
7805;0;6115;18
7806;1;6115;8
7807;2;6115;15
7808;0;6116;18
7809;1;6116;8
7810;2;6116;17
7811;0;6117;18
7812;1;6117;8
7813;2;6117;19
7814;0;6118;18
7815;1;6118;8
7816;2;6118;21
7817;0;6119;28
7818;1;6119;6
7819;2;6119;5
7820;0;6120;5
7821;1;6120;11
7822;2;6120;28
7823;0;6121;7
7824;1;6121;27
7825;2;6121;17
7826;0;6122;6
7827;1;6122;18
7828;2;6122;12
7829;0;6123;7
7830;1;6123;19
7831;2;6123;23
7832;0;6124;11
7833;1;6124;24
7834;2;6124;27
7835;0;6125;20
7836;1;6125;13
7837;2;6125;6
7838;0;6126;20
7839;1;6126;13
7840;2;6126;8
7841;0;6128;6
7842;1;6128;19
7843;2;6128;28
7844;0;6129;7
7845;1;6129;20
7846;2;6129;1
7847;0;6130;7
7848;1;6130;20
7849;2;6130;3
7850;0;6131;7
7851;1;6131;20
7852;2;6131;6
7853;0;6132;1
7854;1;6132;8
7855;2;6132;4
7856;0;6133;7
7857;1;6133;20
7858;2;6133;10
7859;0;6134;1
7860;1;6134;8
7861;2;6134;3
7862;0;6135;7
7863;1;6135;20
7864;2;6135;9
7865;0;6136;7
7866;1;6136;20
7867;2;6136;11
7868;0;6137;15
7869;1;6137;4
7870;2;6137;19
7871;0;6138;7
7872;1;6138;20
7873;2;6138;13
7874;0;6139;4
7875;1;6139;15
7876;2;6139;14
7877;0;6140;7
7878;1;6140;20
7879;2;6140;18
7880;0;6141;1
7881;1;6141;8
7882;2;6141;11
7883;0;6142;1
7884;1;6142;8
7885;2;6142;14
7886;0;6143;1
7887;1;6143;8
7888;2;6143;15
7889;0;6144;1
7890;1;6144;8
7891;2;6144;18
7892;0;6145;14
7893;1;6145;3
7894;2;6145;28
7895;0;6146;1
7896;1;6146;8
7897;2;6146;19
7898;0;6147;5
7899;1;6147;17
7900;2;6147;24
7901;0;6148;18
7902;1;6148;10
7903;2;6148;4
7904;0;6149;18
7905;1;6149;10
7906;2;6149;8
7907;0;6150;5
7908;1;6150;17
7909;2;6150;28
7910;0;6151;13
7911;1;6151;1
7912;2;6151;8
7913;0;6152;18
7914;1;6152;10
7915;2;6152;14
7916;0;6153;6
7917;1;6153;20
7918;2;6153;8
7919;0;6154;7
7920;1;6154;21
7921;2;6154;8
7922;0;6155;14
7923;1;6155;3
7924;2;6155;18
7925;0;6156;5
7926;1;6156;17
7927;2;6156;8
7928;0;6157;7
7929;1;6157;21
7930;2;6157;14
7931;0;6158;18
7932;1;6158;10
7933;2;6158;24
7934;0;6159;3
7935;1;6159;14
7936;2;6159;13
7937;0;6160;5
7938;1;6160;17
7939;2;6160;14
7940;0;6161;5
7941;1;6161;17
7942;2;6161;20
7943;0;6162;14
7944;1;6162;3
7945;2;6162;4
7946;0;6163;12
7947;1;6163;28
7948;2;6163;2
7949;0;6164;12
7950;1;6164;28
7951;2;6164;8
7952;0;6165;12
7953;1;6165;28
7954;2;6165;13
7955;0;6166;3
7956;1;6166;14
7957;2;6166;6
7958;0;6167;12
7959;1;6167;28
7960;2;6167;17
7961;0;6168;3
7962;1;6168;14
7963;2;6168;10
7964;0;6169;3
7965;1;6169;14
7966;2;6169;12
7967;0;6170;18
7968;1;6170;8
7969;2;6170;27
7970;0;6171;12
7971;1;6171;28
7972;2;6171;24
7973;0;6172;20
7974;1;6172;17
7975;2;6172;3
7976;0;6173;26
7977;1;6173;14
7978;2;6173;13
7979;0;6174;3
7980;1;6174;14
7981;2;6174;19
7982;0;6175;20
7983;1;6175;17
7984;2;6175;8
7985;0;6176;5
7986;1;6176;27
7987;2;6176;3
7988;0;6177;12
7989;1;6177;28
7990;2;6177;11
7991;0;6178;12
7992;1;6178;28
7993;2;6178;6
7994;0;6179;12
7995;1;6179;28
7996;2;6179;9
7997;0;6180;20
7998;1;6180;17
7999;2;6180;18
8000;0;6181;5
8001;1;6181;27
8002;2;6181;6
8003;0;6182;5
8004;1;6182;27
8005;2;6182;9
8006;0;6183;5
8007;1;6183;27
8008;2;6183;11
8009;0;6185;5
8010;1;6185;27
8011;2;6185;13
8012;0;6186;1
8013;1;6186;11
8014;2;6186;4
8015;0;6187;12
8016;1;6187;28
8017;2;6187;18
8018;0;6188;3
8019;1;6188;15
8020;2;6188;8
8021;0;6189;5
8022;1;6189;27
8023;2;6189;17
8024;0;6190;12
8025;1;6190;28
8026;2;6190;19
8027;0;6192;4
8028;1;6192;18
8029;2;6192;15
8030;0;6193;2
8031;1;6193;14
8032;2;6193;15
8033;0;6194;12
8034;1;6194;28
8035;2;6194;23
8036;0;6195;21
8037;1;6195;20
8038;2;6195;2
8039;0;6196;5
8040;1;6196;20
8041;2;6196;17
8042;0;6197;20
8043;1;6197;17
8044;2;6197;4
8045;0;6198;17
8046;1;6198;12
8047;2;6198;1
8048;0;6199;18
8049;1;6199;13
8050;2;6199;4
8051;0;6200;1
8052;1;6200;11
8053;2;6200;20
8054;0;6201;1
8055;1;6201;11
8056;2;6201;24
8057;0;6202;12
8058;1;6202;26
8059;2;6202;7
8060;0;6203;20
8061;1;6203;17
8062;2;6203;14
8063;0;6204;4
8064;1;6204;19
8065;2;6204;2
8066;0;6205;18
8067;1;6205;13
8068;2;6205;14
8069;0;6206;21
8070;1;6206;20
8071;2;6206;18
8072;0;6207;15
8073;1;6207;8
8074;2;6207;13
8075;0;6208;6
8076;1;6208;22
8077;2;6208;7
8078;0;6209;20
8079;1;6209;17
8080;2;6209;19
8081;0;6210;18
8082;1;6210;13
8083;2;6210;20
8084;0;6212;12
8085;1;6212;26
8086;2;6212;17
8087;0;6213;7
8088;1;6213;24
8089;2;6213;11
8090;0;6214;12
8091;1;6214;26
8092;2;6214;19
8093;0;6215;5
8094;1;6215;20
8095;2;6215;11
8096;0;6216;4
8097;1;6216;27
8098;2;6216;18
8099;0;6217;7
8100;1;6217;24
8101;2;6217;15
8102;0;6218;7
8103;1;6218;24
8104;2;6218;18
8105;0;6219;20
8106;1;6219;19
8107;2;6219;28
8108;0;6220;5
8109;1;6220;20
8110;2;6220;15
8111;0;6221;7
8112;1;6221;24
8113;2;6221;17
8114;0;6222;5
8115;1;6222;20
8116;2;6222;18
8117;0;6223;18
8118;1;6223;15
8119;2;6223;28
8120;0;6224;20
8121;1;6224;19
8122;2;6224;4
8123;0;6225;2
8124;1;6225;15
8125;2;6225;17
8126;0;6226;5
8127;1;6226;20
8128;2;6226;19
8129;0;6227;17
8130;1;6227;13
8131;2;6227;28
8132;0;6228;2
8133;1;6228;15
8134;2;6228;20
8135;0;6229;18
8136;1;6229;14
8137;2;6229;3
8138;0;6230;19
8139;1;6230;17
8140;2;6230;11
8141;0;6231;18
8142;1;6231;14
8143;2;6231;11
8144;0;6232;18
8145;1;6232;14
8146;2;6232;12
8147;0;6233;20
8148;1;6233;18
8149;2;6233;14
8150;0;6234;4
8151;1;6234;20
8152;2;6234;3
8153;0;6235;1
8154;1;6235;14
8155;2;6235;4
8156;0;6236;18
8157;1;6236;14
8158;2;6236;19
8159;0;6237;26
8160;1;6237;17
8161;2;6237;28
8162;0;6238;18
8163;1;6238;14
8164;2;6238;21
8165;0;6239;26
8166;1;6239;17
8167;2;6239;4
8168;0;6240;4
8169;1;6240;20
8170;2;6240;17
8171;0;6241;26
8172;1;6241;17
8173;2;6241;19
8174;0;6242;18
8175;1;6242;15
8176;2;6242;4
8177;0;6243;28
8178;1;6243;12
8179;2;6243;20
8180;0;6244;5
8181;1;6244;17
8182;2;6244;27
8183;0;6245;18
8184;1;6245;11
8185;2;6245;28
8186;0;6246;12
8187;1;6246;4
8188;2;6246;6
8189;0;6247;12
8190;1;6247;4
8191;2;6247;8
8192;0;6248;1
8193;1;6248;14
8194;2;6248;28
8195;0;6249;14
8196;1;6249;7
8197;2;6249;12
8198;0;6250;10
8199;1;6250;28
8200;2;6250;8
8201;0;6251;28
8202;1;6251;13
8203;2;6251;2
8204;0;6252;1
8205;1;6252;14
8206;2;6252;3
8207;0;6253;1
8208;1;6253;14
8209;2;6253;6
8210;0;6254;28
8211;1;6254;13
8212;2;6254;6
8213;0;6255;1
8214;1;6255;14
8215;2;6255;12
8216;0;6256;1
8217;1;6256;14
8218;2;6256;11
8219;0;6257;1
8220;1;6257;14
8221;2;6257;13
8222;0;6258;20
8223;1;6258;21
8224;2;6258;4
8225;0;6259;1
8226;1;6259;14
8227;2;6259;15
8228;0;6260;10
8229;1;6260;28
8230;2;6260;24
8231;0;6261;1
8232;1;6261;14
8233;2;6261;17
8234;0;6262;10
8235;1;6262;28
8236;2;6262;3
8237;0;6263;1
8238;1;6263;14
8239;2;6263;21
8240;0;6264;12
8241;1;6264;4
8242;2;6264;3
8243;0;6265;18
8244;1;6265;12
8245;2;6265;28
8246;0;6266;10
8247;1;6266;28
8248;2;6266;6
8249;0;6267;10
8250;1;6267;28
8251;2;6267;11
8252;0;6269;10
8253;1;6269;28
8254;2;6269;9
8255;0;6270;12
8256;1;6270;4
8257;2;6270;11
8258;0;6271;12
8259;1;6271;4
8260;2;6271;13
8261;0;6272;10
8262;1;6272;28
8263;2;6272;13
8264;0;6273;10
8265;1;6273;28
8266;2;6273;17
8267;0;6274;28
8268;1;6274;14
8269;2;6274;5
8270;0;6275;10
8271;1;6275;28
8272;2;6275;12
8273;0;6276;3
8274;1;6276;27
8275;2;6276;13
8276;0;6277;10
8277;1;6277;28
8278;2;6277;15
8279;0;6279;1
8280;1;6279;11
8281;2;6279;28
8282;0;6280;2
8283;1;6280;18
8284;2;6280;10
8285;0;6281;5
8286;1;6281;24
8287;2;6281;13
8288;0;6282;3
8289;1;6282;27
8290;2;6282;17
8291;0;6283;10
8292;1;6283;28
8293;2;6283;19
8294;0;6284;3
8295;1;6284;19
8296;2;6284;15
8297;0;6285;3
8298;1;6285;27
8299;2;6285;18
8300;0;6286;3
8301;1;6286;27
8302;2;6286;21
8303;0;6287;20
8304;1;6287;22
8305;2;6287;4
8306;0;6288;11
8307;1;6288;4
8308;2;6288;3
8309;0;6289;3
8310;1;6289;20
8311;2;6289;4
8312;0;6290;3
8313;1;6290;20
8314;2;6290;6
8315;0;6291;15
8316;1;6291;12
8317;2;6291;18
8318;0;6292;5
8319;1;6292;24
8320;2;6292;7
8321;0;6293;10
8322;1;6293;26
8323;2;6293;15
8324;0;6294;10
8325;1;6294;26
8326;2;6294;17
8327;0;6295;10
8328;1;6295;1
8329;2;6295;15
8330;0;6296;3
8331;1;6296;20
8332;2;6296;12
8333;0;6297;3
8334;1;6297;20
8335;2;6297;14
8336;0;6298;3
8337;1;6298;20
8338;2;6298;13
8339;0;6299;3
8340;1;6299;20
8341;2;6299;15
8342;0;6300;5
8343;1;6300;24
8344;2;6300;17
8345;0;6301;3
8346;1;6301;20
8347;2;6301;18
8348;0;6302;3
8349;1;6302;20
8350;2;6302;17
8351;0;6303;28
8352;1;6303;15
8353;2;6303;18
8354;0;6304;3
8355;1;6304;20
8356;2;6304;19
8357;0;6305;26
8358;1;6305;17
8359;2;6305;27
8360;0;6306;14
8361;1;6306;11
8362;2;6306;8
8363;0;6307;3
8364;1;6307;17
8365;2;6307;26
8366;0;6308;14
8367;1;6308;11
8368;2;6308;20
8369;0;6309;26
8370;1;6309;21
8371;2;6309;11
8372;0;6310;2
8373;1;6310;20
8374;2;6310;15
8375;0;6311;1
8376;1;6311;17
8377;2;6311;14
8378;0;6312;18
8379;1;6312;27
8380;2;6312;3
8381;0;6313;18
8382;1;6313;20
8383;2;6313;4
8384;0;6314;12
8385;1;6314;8
8386;2;6314;28
8387;0;6316;18
8388;1;6316;19
8389;2;6316;8
8390;0;6317;18
8391;1;6317;27
8392;2;6317;12
8393;0;6318;10
8394;1;6318;4
8395;2;6318;28
8396;0;6319;12
8397;1;6319;8
8398;2;6319;4
8399;0;6320;18
8400;1;6320;27
8401;2;6320;13
8402;0;6321;14
8403;1;6321;11
8404;2;6321;12
8405;0;6322;10
8406;1;6322;4
8407;2;6322;13
8408;0;6323;8
8409;1;6323;28
8410;2;6323;13
8411;0;6324;14
8412;1;6324;13
8413;2;6324;28
8414;0;6325;18
8415;1;6325;20
8416;2;6325;6
8417;0;6326;10
8418;1;6326;4
8419;2;6326;3
8420;0;6327;18
8421;1;6327;20
8422;2;6327;11
8423;0;6328;18
8424;1;6328;20
8425;2;6328;10
8426;0;6329;12
8427;1;6329;8
8428;2;6329;6
8429;0;6330;18
8430;1;6330;20
8431;2;6330;12
8432;0;6331;1
8433;1;6331;27
8434;2;6331;3
8435;0;6332;1
8436;1;6332;27
8437;2;6332;5
8438;0;6333;12
8439;1;6333;8
8440;2;6333;11
8441;0;6334;18
8442;1;6334;20
8443;2;6334;17
8444;0;6335;12
8445;1;6335;8
8446;2;6335;10
8447;0;6336;1
8448;1;6336;27
8449;2;6336;7
8450;0;6337;12
8451;1;6337;8
8452;2;6337;13
8453;0;6338;18
8454;1;6338;20
8455;2;6338;19
8456;0;6339;1
8457;1;6339;27
8458;2;6339;6
8459;0;6340;14
8460;1;6340;12
8461;2;6340;18
8462;0;6341;1
8463;1;6341;27
8464;2;6341;13
8465;0;6342;10
8466;1;6342;4
8467;2;6342;17
8468;0;6343;12
8469;1;6343;8
8470;2;6343;19
8471;0;6344;12
8472;1;6344;8
8473;2;6344;18
8474;0;6345;1
8475;1;6345;27
8476;2;6345;17
8477;0;6346;1
8478;1;6346;27
8479;2;6346;18
8480;0;6347;17
8481;1;6347;20
8482;2;6347;2
8483;0;6348;14
8484;1;6348;13
8485;2;6348;3
8486;0;6349;3
8487;1;6349;24
8488;2;6349;1
8489;0;6350;28
8490;1;6350;19
8491;2;6350;2
8492;0;6351;1
8493;1;6351;20
8494;2;6351;4
8495;0;6352;1
8496;1;6352;20
8497;2;6352;3
8498;0;6353;1
8499;1;6353;20
8500;2;6353;6
8501;0;6354;3
8502;1;6354;24
8503;2;6354;10
8504;0;6355;1
8505;1;6355;20
8506;2;6355;7
8507;0;6356;1
8508;1;6356;20
8509;2;6356;10
8510;0;6357;1
8511;1;6357;20
8512;2;6357;12
8513;0;6358;1
8514;1;6358;20
8515;2;6358;11
8516;0;6359;3
8517;1;6359;24
8518;2;6359;13
8519;0;6360;3
8520;1;6360;24
8521;2;6360;15
8522;0;6361;28
8523;1;6361;19
8524;2;6361;15
8525;0;6362;3
8526;1;6362;24
8527;2;6362;17
8528;0;6363;1
8529;1;6363;20
8530;2;6363;18
8531;0;6364;28
8532;1;6364;19
8533;2;6364;18
8534;0;6365;1
8535;1;6365;20
8536;2;6365;17
8537;0;6366;3
8538;1;6366;24
8539;2;6366;19
8540;0;6367;28
8541;1;6367;20
8542;2;6367;3
8543;0;6368;10
8544;1;6368;6
8545;2;6368;12
8546;0;6369;1
8547;1;6369;17
8548;2;6369;26
8549;0;6370;2
8550;1;6370;24
8551;2;6370;15
8552;0;6371;18
8553;1;6371;19
8554;2;6371;28
8555;0;6372;10
8556;1;6372;8
8557;2;6372;28
8558;0;6373;25
8559;1;6373;4
8560;2;6373;13
8561;0;6374;8
8562;1;6374;3
8563;2;6374;4
8564;0;6375;13
8565;1;6375;14
8566;2;6375;10
8567;0;6376;10
8568;1;6376;7
8569;2;6376;8
8570;0;6377;14
8571;1;6377;11
8572;2;6377;4
8573;0;6378;10
8574;1;6378;8
8575;2;6378;12
8576;0;6379;2
8577;1;6379;25
8578;2;6379;10
8579;0;6380;8
8580;1;6380;3
8581;2;6380;14
8582;0;6381;14
8583;1;6381;12
8584;2;6381;27
8585;0;6382;18
8586;1;6382;24
8587;2;6382;3
8588;0;6383;15
8589;1;6383;19
8590;2;6383;4
8591;0;6384;18
8592;1;6384;24
8593;2;6384;6
8594;0;6385;10
8595;1;6385;8
8596;2;6385;3
8597;0;6386;18
8598;1;6386;24
8599;2;6386;11
8600;0;6387;22
8601;1;6387;28
8602;2;6387;15
8603;0;6388;6
8604;1;6388;28
8605;2;6388;1
8606;0;6389;18
8607;1;6389;24
8608;2;6389;13
8609;0;6390;6
8610;1;6390;28
8611;2;6390;3
8612;0;6391;10
8613;1;6391;8
8614;2;6391;6
8615;0;6392;6
8616;1;6392;28
8617;2;6392;5
8618;0;6393;18
8619;1;6393;24
8620;2;6393;17
8621;0;6394;10
8622;1;6394;8
8623;2;6394;11
8624;0;6395;18
8625;1;6395;24
8626;2;6395;21
8627;0;6396;6
8628;1;6396;28
8629;2;6396;11
8630;0;6397;10
8631;1;6397;8
8632;2;6397;15
8633;0;6398;6
8634;1;6398;28
8635;2;6398;10
8636;0;6399;6
8637;1;6399;28
8638;2;6399;17
8639;0;6400;10
8640;1;6400;8
8641;2;6400;17
8642;0;6401;10
8643;1;6401;8
8644;2;6401;19
8645;0;6402;6
8646;1;6402;28
8647;2;6402;18
8648;0;6403;10
8649;1;6403;8
8650;2;6403;18
8651;0;6404;10
8652;1;6404;8
8653;2;6404;21
8654;0;6405;6
8655;1;6405;28
8656;2;6405;19
8657;0;6407;6
8658;1;6407;28
8659;2;6407;21
8660;0;6408;14
8661;1;6408;18
8662;2;6408;28
8663;0;6409;14
8664;1;6409;17
8665;2;6409;3
8666;0;6410;14
8667;1;6410;17
8668;2;6410;10
8669;0;6411;14
8670;1;6411;17
8671;2;6411;12
8672;0;6412;6
8673;1;6412;26
8674;2;6412;10
8675;0;6413;17
8676;1;6413;24
8677;2;6413;18
8678;0;6414;1
8679;1;6414;24
8680;2;6414;6
8681;0;6415;25
8682;1;6415;8
8683;2;6415;28
8684;0;6416;5
8685;1;6416;28
8686;2;6416;14
8687;0;6417;6
8688;1;6417;26
8689;2;6417;18
8690;0;6418;6
8691;1;6418;26
8692;2;6418;17
8693;0;6419;5
8694;1;6419;28
8695;2;6419;16
8696;0;6420;6
8697;1;6420;26
8698;2;6420;19
8699;0;6421;6
8700;1;6421;26
8701;2;6421;21
8702;0;6422;12
8703;1;6422;14
8704;2;6422;3
8705;0;6423;14
8706;1;6423;18
8707;2;6423;4
8708;0;6424;12
8709;1;6424;14
8710;2;6424;11
8711;0;6425;12
8712;1;6425;14
8713;2;6425;13
8714;0;6426;7
8715;1;6426;5
8716;2;6426;8
8717;0;6427;12
8718;1;6427;14
8719;2;6427;15
8720;0;6428;5
8721;1;6428;1
8722;2;6428;8
8723;0;6429;12
8724;1;6429;14
8725;2;6429;17
8726;0;6430;14
8727;1;6430;18
8728;2;6430;19
8729;0;6431;12
8730;1;6431;14
8731;2;6431;18
8732;0;6432;21
8733;1;6432;28
8734;2;6432;3
8735;0;6434;21
8736;1;6434;28
8737;2;6434;6
8738;0;6435;21
8739;1;6435;28
8740;2;6435;5
8741;0;6436;13
8742;1;6436;18
8743;2;6436;1
8744;0;6437;21
8745;1;6437;28
8746;2;6437;11
8747;0;6438;21
8748;1;6438;28
8749;2;6438;18
8750;0;6439;21
8751;1;6439;28
8752;2;6439;13
8753;0;6440;21
8754;1;6440;28
8755;2;6440;17
8756;0;6442;21
8757;1;6442;28
8758;2;6442;19
8759;0;6443;5
8760;1;6443;2
8761;2;6443;10
8762;0;6444;10
8763;1;6444;11
8764;2;6444;14
8765;0;6445;6
8766;1;6445;4
8767;2;6445;14
8768;0;6446;21
8769;1;6446;26
8770;2;6446;6
8771;0;6447;14
8772;1;6447;21
8773;2;6447;28
8774;0;6448;21
8775;1;6448;26
8776;2;6448;10
8777;0;6449;14
8778;1;6449;21
8779;2;6449;4
8780;0;6450;21
8781;1;6450;26
8782;2;6450;13
8783;0;6451;5
8784;1;6451;3
8785;2;6451;1
8786;0;6452;6
8787;1;6452;4
8788;2;6452;3
8789;0;6453;27
8790;1;6453;1
8791;2;6453;14
8792;0;6454;6
8793;1;6454;4
8794;2;6454;11
8795;0;6455;14
8796;1;6455;20
8797;2;6455;19
8798;0;6456;6
8799;1;6456;4
8800;2;6456;13
8801;0;6457;5
8802;1;6457;3
8803;2;6457;12
8804;0;6458;14
8805;1;6458;17
8806;2;6458;27
8807;0;6459;14
8808;1;6459;22
8809;2;6459;28
8810;0;6460;14
8811;1;6460;22
8812;2;6460;4
8813;0;6462;14
8814;1;6462;21
8815;2;6462;13
8816;0;6463;10
8817;1;6463;13
8818;2;6463;14
8819;0;6464;10
8820;1;6464;14
8821;2;6464;18
8822;0;6465;10
8823;1;6465;13
8824;2;6465;24
8825;0;6466;5
8826;1;6466;4
8827;2;6466;19
8828;0;6467;7
8829;1;6467;8
8830;2;6467;21
8831;0;6468;3
8832;1;6468;28
8833;2;6468;19
8834;0;6469;27
8835;1;6469;3
8836;2;6469;4
8837;0;6470;10
8838;1;6470;14
8839;2;6470;3
8840;0;6471;21
8841;1;6471;4
8842;2;6471;13
8843;0;6472;4
8844;1;6472;3
8845;2;6472;28
8846;0;6473;10
8847;1;6473;14
8848;2;6473;6
8849;0;6474;12
8850;1;6474;27
8851;2;6474;13
8852;0;6475;4
8853;1;6475;3
8854;2;6475;8
8855;0;6476;10
8856;1;6476;14
8857;2;6476;12
8858;0;6477;10
8859;1;6477;14
8860;2;6477;15
8861;0;6478;10
8862;1;6478;14
8863;2;6478;17
8864;0;6479;19
8865;1;6479;28
8866;2;6479;1
8867;0;6480;21
8868;1;6480;4
8869;2;6480;3
8870;0;6481;21
8871;1;6481;4
8872;2;6481;6
8873;0;6482;4
8874;1;6482;2
8875;2;6482;20
8876;0;6483;4
8877;1;6483;3
8878;2;6483;24
8879;0;6484;19
8880;1;6484;28
8881;2;6484;6
8882;0;6485;12
8883;1;6485;27
8884;2;6485;6
8885;0;6486;21
8886;1;6486;4
8887;2;6486;9
8888;0;6487;19
8889;1;6487;28
8890;2;6487;10
8891;0;6488;22
8892;1;6488;7
8893;2;6488;14
8894;0;6489;12
8895;1;6489;27
8896;2;6489;7
8897;0;6490;21
8898;1;6490;4
8899;2;6490;11
8900;0;6491;19
8901;1;6491;28
8902;2;6491;12
8903;0;6492;6
8904;1;6492;8
8905;2;6492;28
8906;0;6493;19
8907;1;6493;28
8908;2;6493;11
8909;0;6494;8
8910;1;6494;11
8911;2;6494;4
8912;0;6495;19
8913;1;6495;28
8914;2;6495;14
8915;0;6496;8
8916;1;6496;11
8917;2;6496;3
8918;0;6497;12
8919;1;6497;27
8920;2;6497;11
8921;0;6498;19
8922;1;6498;28
8923;2;6498;17
8924;0;6499;21
8925;1;6499;4
8926;2;6499;18
8927;0;6500;27
8928;1;6500;4
8929;2;6500;13
8930;0;6501;10
8931;1;6501;15
8932;2;6501;12
8933;0;6502;19
8934;1;6502;28
8935;2;6502;20
8936;0;6503;12
8937;1;6503;27
8938;2;6503;17
8939;0;6504;27
8940;1;6504;4
8941;2;6504;17
8942;0;6505;19
8943;1;6505;28
8944;2;6505;21
8945;0;6506;2
8946;1;6506;28
8947;2;6506;8
8948;0;6507;25
8949;1;6507;14
8950;2;6507;4
8951;0;6508;8
8952;1;6508;11
8953;2;6508;19
8954;0;6509;10
8955;1;6509;11
8956;2;6509;27
8957;0;6510;2
8958;1;6510;28
8959;2;6510;24
8960;0;6511;6
8961;1;6511;8
8962;2;6511;1
8963;0;6512;8
8964;1;6512;13
8965;2;6512;4
8966;0;6513;12
8967;1;6513;20
8968;2;6513;7
8969;0;6514;19
8970;1;6514;26
8971;2;6514;17
8972;0;6515;12
8973;1;6515;20
8974;2;6515;6
8975;0;6516;6
8976;1;6516;8
8977;2;6516;3
8978;0;6517;19
8979;1;6517;26
8980;2;6517;21
8981;0;6518;12
8982;1;6518;20
8983;2;6518;10
8984;0;6519;6
8985;1;6519;8
8986;2;6519;10
8987;0;6520;6
8988;1;6520;8
8989;2;6520;13
8990;0;6521;12
8991;1;6521;20
8992;2;6521;19
8993;0;6522;12
8994;1;6522;20
8995;2;6522;18
8996;0;6523;6
8997;1;6523;8
8998;2;6523;17
8999;0;6524;2
9000;1;6524;28
9001;2;6524;15
9002;0;6525;6
9003;1;6525;8
9004;2;6525;21
9005;0;6526;9
9006;1;6526;15
9007;2;6526;24
9008;0;6527;28
9009;1;6527;1
9010;2;6527;14
9011;0;6528;27
9012;1;6528;6
9013;2;6528;4
9014;0;6529;11
9015;1;6529;20
9016;2;6529;5
9017;0;6530;8
9018;1;6530;13
9019;2;6530;3
